,SegmentLength,SegmentTime,Speed,AveragePressure
count,1000.0,1000.0,1000.0,1000.0
mean,187.64352416992188,6.832742214202881,3.3402085304260254,77.0014877319336
std,39.636661529541016,1.4456957578659058,0.6967143416404724,16.481582641601562
min,103.6423110961914,3.799631118774414,1.8849923610687256,42.19158172607422
25%,159.97668075561523,5.8109450340271,2.829769492149353,65.43695068359375
50%,183.04439544677734,6.662611961364746,3.2649645805358887,75.27313613891602
75%,212.31026077270508,7.697482347488403,3.790167212486267,87.0535945892334
max,365.4729919433594,13.298286437988281,6.390398979187012,150.99786376953125
