,count,mean,std,min,25%,50%,75%,max
SegmentLength,15.0,2254.6775064132657,153.45679778806422,2045.5245726032117,2157.635752581118,2226.382957648654,2340.9762261269984,2560.0332391885267
SegmentTime,15.0,26.65964912280702,12.746984913006843,10.421052631578947,18.81954887218045,22.67669172932331,35.721804511278194,51.744360902255636
Speed,15.0,101.17808637027548,40.85671940110313,45.45976261513695,72.3430148252005,100.45064220227472,115.61301135879665,196.2877115124294
AveragePressure,15.0,766.8608008007437,152.83517416059073,483.34171428571426,676.4101866682887,843.5500126614332,877.0106695994933,917.3485309017224
