,SegmentLength,SegmentTime,Speed,AveragePressure
count,1000.0,1000.0,1000.0,1000.0
mean,2255.2724609375,26.72100067138672,99.71806335449219,771.529541015625
std,144.30899047851562,12.008936882019043,38.271942138671875,154.23202514648438
min,1780.8428955078125,-8.707340240478516,29.801393508911133,70.5816879272461
25%,2153.685302734375,17.998982429504395,71.08932685852051,705.4609527587891
50%,2223.66650390625,23.204384803771973,95.91875076293945,825.4335021972656
75%,2355.59814453125,34.199798583984375,123.01251602172852,882.0949249267578
max,2743.963134765625,65.00900268554688,286.9206237792969,992.5416870117188
