,SegmentLength,SegmentTime,Speed,AveragePressure
count,1000.0,1000.0,1000.0,1000.0
mean,2252.042186520663,26.210745340268193,100.22220159467109,763.4319782293129
std,146.8567928135965,12.892032627654244,41.318209019381534,144.8948779110979
min,1825.2597345974477,-13.49868512112085,-23.335293551758596,318.07382872219364
25%,2146.3087395761713,17.520776712558956,73.23487906790919,661.985544060516
50%,2250.7573755045646,26.27031381227633,99.91142765704647,761.3371302087162
75%,2350.6317552379915,34.57878444338166,125.97422634300963,863.9483497872277
max,2699.8778378040633,70.28059887097726,224.4889342758301,1183.4266433900918
