,SegmentLength,SegmentTime,Speed,AveragePressure
count,1000.0,1000.0,1000.0,1000.0
mean,2248.220947265625,26.07098388671875,100.72063446044922,771.0986328125
std,140.10641479492188,11.565693855285645,37.505958557128906,145.17535400390625
min,1919.697021484375,2.5304510593414307,33.44032287597656,449.722412109375
25%,2156.4822998046875,18.34589433670044,73.9193000793457,645.7720947265625
50%,2209.3555908203125,22.140600204467773,98.2124137878418,848.8531494140625
75%,2340.3612670898438,33.26318836212158,118.9826545715332,875.9699859619141
max,2649.9404296875,57.851539611816406,262.01568603515625,995.8859252929688
