,count,mean,std,min,25%,50%,75%,max
SegmentLength,25.0,2260.358166651473,277.30894546000536,1398.6473985343232,2188.8716755177243,2330.732106143464,2418.090286774485,2660.9844659532473
SegmentTime,25.0,24.38285714285714,14.213008979403039,5.609022556390977,17.49624060150376,21.56390977443609,30.69924812030075,70.6015037593985
Speed,25.0,122.97050508555517,76.27784333603294,33.08492799461698,81.84976985867407,103.95926740335817,139.90254802218243,419.3797360637556
AveragePressure,25.0,631.6566991214321,158.71212587754,331.3089459084605,578.9955817378498,625.2016441005803,696.4879356568365,941.3274691358025
