,SegmentLength,SegmentTime,Speed,AveragePressure
count,1000.0,1000.0,1000.0,1000.0
mean,94.11357116699219,-0.9708982110023499,9.906113624572754,45.46468734741211
std,25.83829689025879,0.22070375084877014,2.7085912227630615,12.337890625
min,37.29583740234375,-1.965603232383728,3.9788050651550293,18.154003143310547
25%,76.88033294677734,-1.0833998024463654,8.08717155456543,37.230299949645996
50%,90.49582290649414,-0.9467502534389496,9.494427680969238,43.71906852722168
75%,109.65351486206055,-0.8173615336418152,11.508934497833252,52.893799781799316
max,197.57611083984375,-0.5058728456497192,20.574356079101562,94.7601318359375
