,SegmentLength,SegmentTime,Speed,AveragePressure
count,1000.0,1000.0,1000.0,1000.0
mean,2265.584228515625,24.743200302124023,116.52117156982422,627.7432250976562
std,274.3399963378906,13.075806617736816,56.842445373535156,162.95040893554688
min,108.67433166503906,-11.47758960723877,-17.985397338867188,281.7579345703125
25%,2203.4073486328125,18.610778331756592,87.46189498901367,512.82958984375
50%,2307.1851806640625,21.60078239440918,106.26353073120117,616.5751037597656
75%,2413.7731323242188,28.071083068847656,128.4071159362793,719.3656463623047
max,2950.22705078125,90.92854309082031,485.5959167480469,1265.056884765625
