,SegmentLength,SegmentTime,Speed,AveragePressure
count,1000.0,1000.0,1000.0,1000.0
mean,2272.62158203125,25.805309295654297,115.72614288330078,624.4711303710938
std,276.6654052734375,14.336347579956055,60.92447280883789,174.67066955566406
min,479.794921875,1.2898643016815186,2.679901361465454,215.46763610839844
25%,2206.5577392578125,18.017406463623047,84.39077186584473,519.6735229492188
50%,2323.371826171875,21.704753875732422,108.10875701904297,603.5701599121094
75%,2422.1054077148438,29.366010665893555,127.48148536682129,699.0521240234375
max,2796.980224609375,92.11949157714844,523.779541015625,1384.8402099609375
