,SegmentLength,SegmentTime,Speed,AveragePressure
count,1000.0,1000.0,1000.0,1000.0
mean,2260.755516074766,25.15436677784338,125.7594343226905,638.43518045156
std,270.487830180283,14.634900901464336,77.60165825221404,155.91331949415428
min,1073.581726097644,-26.82383647631876,-108.00681074994128,202.1245827402708
25%,2086.2519742051745,14.787485759284316,71.99592415621177,527.9108670580202
50%,2260.9152025927624,25.386527518899538,128.26653133092887,643.4834670961548
75%,2445.257335751073,34.76903156109422,180.8752150772906,746.7316738242296
max,3086.24022724282,72.55346390544943,388.73295748148485,1159.5200537798275
