Feature,FuzzySet,a,b,c
SegmentLength,Low,479.79492,2156.64196,2212.89896
SegmentLength,Medium,2203.028215,2251.6521,2341.549475
SegmentLength,High,2314.15788,2422.23184,2796.9802
Speed,Low,2.6799014,71.340152,95.777839
Speed,Medium,91.932325,103.336795,114.3426775
Speed,High,110.40751,130.435568,523.77954
AveragePressure,Low,215.46764,529.72098,618.887818
AveragePressure,Medium,600.228679,681.62025,828.712595
AveragePressure,High,783.18796,869.23478,1384.8402
